,VALID_RATIO,PROPERTY,IMPROVEMENT,SIMILARITY,NOVELTY,DIVERSITY,MODEL
0,0.995,1.9453461467671043,4.662588093873941,0.308346053843089,0.995,0.6238601164706578,COMA
1,0.975,1.4890048037128445,4.09487689988592,0.31608022195652274,0.975,0.6181622852840108,VJTNN
2,0.99,1.542960880483458,4.242394444310295,0.3262614957981109,0.99,0.6072571080792141,VJTNN+GAN
3,0.98375,1.4308348202504773,4.087196310139612,0.3243679248484937,0.98375,0.6276984205360572,CORE
4,0.9475,1.5100191981100375,4.05192211280145,0.26607339187755175,0.9475,0.6469604314650316,HierG2G
5,0.98125,1.3348320527384183,3.9825682822105377,0.2691947304142912,0.98125,0.6921095689155805,HierG2G+BT
