,VALID_RATIO,PROPERTY,IMPROVEMENT,SIMILARITY,NOVELTY,DIVERSITY,MODEL
0,0.9575,1.3129589409199462,3.8598471117601747,0.3834894995713614,0.9575,0.49909458734273576,MTMR
1,0.82625,0.7682002605952786,2.7715428676462928,0.3988034265746704,0.825,0.2971278235147563,VJTNN
2,0.88125,0.9868025669283407,3.2221528426488923,0.39741754886669695,0.88125,0.40038564016086764,VJTNN+GAN
3,0.85875,0.8713877085732569,3.0371502486421678,0.39582574385433067,0.85875,0.34768199776883796,CORE
4,0.825,0.7877733672003138,2.828205802330673,0.34370406149446864,0.825,0.3561149903371006,HierG2G
5,0.84875,0.830438831766974,2.9081180071709105,0.3744738229888073,0.84875,0.3612647412133163,HierG2G+BT
